{
  "accuracy": 0.940677966101695,
  "precision": 0.958904109589041,
  "recall": 0.9459459459459459,
  "f1": 0.9523809523809523
}